{
  "discovered_tags": {
    "5": {
      "x": -0.00022135356969969766,
      "y": 0.0005999193868915457,
      "z": -0.06817348446342968
    },
    "2": {
      "x": 0.08040778693622946,
      "y": 0.004568595602290197,
      "z": 0.009204765682484295
    },
    "7": {
      "x": 0.06863852417971138,
      "y": -0.005512967293032748,
      "z": 0.051165800977307156
    },
    "0": {
      "x": 0.07275164303032554,
      "y": -0.013065586381623842,
      "z": 0.08734523262751957
    },
    "9": {
      "x": 0.0396612066912709,
      "y": 0.006472543520700192,
      "z": -0.08273955415569988
    },
    "3": {
      "x": 0.04684438425805377,
      "y": 0.16929223404845173,
      "z": -0.6430505735053982
    },
    "8": {
      "x": 0.0865756982250378,
      "y": 0.017838853812199337,
      "z": -0.04680174150799653
    },
    "1": {
      "x": 0.09620109783990288,
      "y": 0.057572637466825075,
      "z": -0.18672156090637448
    },
    "6": {
      "x": 0.1077067015503341,
      "y": 0.06993687190219947,
      "z": -0.24387458165468695
    }
  }
}